23.157 ,19.639 ,22.775 ,19.973
23.157 ,19.639 ,22.775 ,19.973
23.157 ,19.639 ,22.775 ,19.973
23.157 ,19.639 ,22.775 ,19.973
23.157 ,19.639 ,22.775 ,19.973
23.157 ,19.639 ,22.775 ,19.973
23.157 ,19.639 ,22.775 ,19.973
23.157 ,19.639 ,22.775 ,19.973
23.165 ,19.659 ,22.690 ,19.957
23.165 ,19.659 ,22.690 ,19.957
23.165 ,19.659 ,22.690 ,19.957
23.165 ,19.659 ,22.690 ,19.957
23.165 ,19.659 ,22.690 ,19.957
23.165 ,19.659 ,22.690 ,19.957
23.165 ,19.659 ,22.690 ,19.957
23.165 ,19.659 ,22.690 ,19.957
23.165 ,19.659 ,22.690 ,19.957
23.165 ,19.659 ,22.690 ,19.957
23.149 ,19.612 ,22.765 ,19.970
23.149 ,19.612 ,22.765 ,19.970
23.149 ,19.612 ,22.765 ,19.970
23.149 ,19.612 ,22.765 ,19.970
23.149 ,19.612 ,22.765 ,19.970
23.149 ,19.612 ,22.765 ,19.970
23.149 ,19.612 ,22.765 ,19.970
23.149 ,19.612 ,22.765 ,19.970
23.149 ,19.612 ,22.765 ,19.970
23.149 ,19.612 ,22.765 ,19.970
23.150 ,19.627 ,22.744 ,19.944
23.150 ,19.627 ,22.744 ,19.944
23.150 ,19.627 ,22.744 ,19.944
23.150 ,19.627 ,22.744 ,19.944
23.150 ,19.627 ,22.744 ,19.944
23.150 ,19.627 ,22.744 ,19.944
23.150 ,19.627 ,22.744 ,19.944
23.150 ,19.627 ,22.744 ,19.944
23.150 ,19.627 ,22.744 ,19.944
23.150 ,19.627 ,22.744 ,19.944
23.154 ,19.606 ,22.736 ,19.927
23.154 ,19.606 ,22.736 ,19.927
23.154 ,19.606 ,22.736 ,19.927
23.154 ,19.606 ,22.736 ,19.927
23.154 ,19.606 ,22.736 ,19.927
23.154 ,19.606 ,22.736 ,19.927
23.154 ,19.606 ,22.736 ,19.927
23.154 ,19.606 ,22.736 ,19.927
23.154 ,19.606 ,22.736 ,19.927
23.154 ,19.606 ,22.736 ,19.927
23.167 ,19.621 ,22.713 ,19.943
23.167 ,19.621 ,22.713 ,19.943
23.167 ,19.621 ,22.713 ,19.943
23.167 ,19.621 ,22.713 ,19.943
23.167 ,19.621 ,22.713 ,19.943
23.167 ,19.621 ,22.713 ,19.943
23.167 ,19.621 ,22.713 ,19.943
23.167 ,19.621 ,22.713 ,19.943
23.167 ,19.621 ,22.713 ,19.943
23.167 ,19.621 ,22.713 ,19.943
23.155 ,19.593 ,22.793 ,19.990
23.155 ,19.593 ,22.793 ,19.990
23.155 ,19.593 ,22.793 ,19.990
23.155 ,19.593 ,22.793 ,19.990
23.155 ,19.593 ,22.793 ,19.990
23.155 ,19.593 ,22.793 ,19.990
23.155 ,19.593 ,22.793 ,19.990
23.155 ,19.593 ,22.793 ,19.990
23.155 ,19.593 ,22.793 ,19.990
23.155 ,19.593 ,22.793 ,19.990
23.159 ,19.611 ,22.766 ,19.932
23.159 ,19.611 ,22.766 ,19.932
23.159 ,19.611 ,22.766 ,19.932
23.159 ,19.611 ,22.766 ,19.932
23.159 ,19.611 ,22.766 ,19.932
23.159 ,19.611 ,22.766 ,19.932
23.159 ,19.611 ,22.766 ,19.932
23.159 ,19.611 ,22.766 ,19.932
23.159 ,19.611 ,22.766 ,19.932
23.159 ,19.611 ,22.766 ,19.932
23.183 ,19.613 ,22.749 ,19.961
23.183 ,19.613 ,22.749 ,19.961
23.183 ,19.613 ,22.749 ,19.961
23.183 ,19.613 ,22.749 ,19.961
23.183 ,19.613 ,22.749 ,19.961
23.183 ,19.613 ,22.749 ,19.961
23.183 ,19.613 ,22.749 ,19.961
23.183 ,19.613 ,22.749 ,19.961
23.183 ,19.613 ,22.749 ,19.961
23.183 ,19.613 ,22.749 ,19.961
23.173 ,19.618 ,22.748 ,19.939
23.173 ,19.618 ,22.748 ,19.939
23.173 ,19.618 ,22.748 ,19.939
23.173 ,19.618 ,22.748 ,19.939
23.173 ,19.618 ,22.748 ,19.939
23.173 ,19.618 ,22.748 ,19.939
23.173 ,19.618 ,22.748 ,19.939
23.173 ,19.618 ,22.748 ,19.939
23.173 ,19.618 ,22.748 ,19.939
23.173 ,19.618 ,22.748 ,19.939
23.173 ,19.618 ,22.769 ,19.939
23.188 ,19.630 ,22.769 ,19.928
23.188 ,19.630 ,22.769 ,19.928
23.188 ,19.630 ,22.769 ,19.928
